title,tag1,tag2,tag3
なすとトマトの中華和え(１５分),なす,トマト,大葉
ぶりの照り焼き(45分),両面,照り焼き,水気
おでん風煮(2時間),大根,こんにゃく,竹輪
大根とツナのサラダ(15分),ツナ,大根,わかめ
鶏の照り焼き丼(20分),片栗粉,にんにく,れんこん
筑前煮(６０分),れんこん,ごぼう,こんにゃく
白菜とわかめの酢の物(15分),白菜,わかめ,しめじ
鮭のホイル焼き(25分),玉ねぎ,しめじ,ピーマン
キャベツとハムの粒マスタード和え(１５分),キャベツ,しめじ,ハム
えのきとワカメの和え物(15分),えのき,わかめ,きゅうり
里芋のおやき(３０分),里芋,片栗粉,桜えび
鶏肉と里芋の煮物(60分),里芋,鶏肉,相性
焼き万願寺唐辛子(10分),万願寺唐辛子,かつお節,作り方
肉じゃが(45分),玉ねぎ,牛肉,じゃがいも
鰆の幽庵焼き(１５分(漬け込む時間は省く)),冷蔵庫,鰆,ゆず
オクラの煮びたし(１０分(冷やす時間は除く)),オクラ,しょうが,オクラ
春菊と油揚げの煮びたし(15分),春菊,油揚げ,春菊
しいたけのツナマヨ焼き(１０分),マヨネーズ,塩コショウ,しいたけ
コールスロー(15分),キャベツ,マヨネーズ,きゅうり
じゃがいもとタコのガーリック炒め(２０分),にんにく,じゃがいも,タコ
棒棒鶏(３０分),しょうが,トマト,きゅうり
アボカドのチーズ焼き(15分),アボカド,ハム,チーズ
キャベツと大葉のさっぱり和え(１０分),大葉,キャベツ,大葉
カニカマサラダ(10分),レタス,きゅうり,サラダ
ズッキーニともやしのナムル(１５分),ズッキーニ,もやし,粗熱
春雨サラダ(１５分),春雨,きゅうり,ハム
白菜と油揚げのみぞれ煮(３０分),大根,白菜,油揚げ
牛肉とれんこんの甘辛炒め(30分),れんこん,にんにく,牛肉
豚丼(30分),しょうが,しめじ,レタス
紅白なます(30分),ゆず皮,大根,部分
里芋のガーリック焼き(３０分),里芋,にんにく,香り
ブロッコリーのごまみそ和え(10分),ブロッコリー,和風,みそ
ブロッコリーのゴマ和え(１５分),ブロッコリー,出汁醤油,粗熱
かぶの甘酢漬け(１時間),ゆず,甘酢,昆布
さんまのしょうが煮(３０分),さんま,しょうが,圧力
スパゲティーサラダ(２０分),大根,きゅうり,スパゲッティ
切り干し大根の煮物(２５分),切り干し大根,油揚げ,短冊
なすとオクラの和え物(１０分),なす,オクラ,出汁醤油
なすと厚揚げのおろしあん(30分),厚揚げ,なす,片栗粉
ごぼうのごまマヨサラダ(15分),ごぼう,好み,一味
水菜と長いものわさび和え(１５分),水菜,長いも,わさび
ピーマンのじゃこ炒め(１５分),ピーマン,雑魚,顆粒和風だし
なすと豚肉のごまみそ丼(20分),なす,丼,ピーマン
ピリ辛豆腐ステーキ(30分),豆腐,しょうが,白ネギ
白菜とハムの青じそサラダ(20分),白菜,大葉,ハム
鮭のシャリアピンソースがけ(30分),鮭,にんにく,ソース
白菜のさっぱりサラダ(15分),白菜,きゅうり,サラダ
かぶと肉団子の煮物(30分),しょうが,鶏ミンチ,片栗粉
ごぼうの梅おかか煮(４５分),ごぼう,かつお節,圧力鍋
切り干し大根とほうれん草の和え物(20分(水に戻す時間は除く)),ほうれん草,切り干し大根,熱湯
かぼちゃと揚げの煮物(20分),かぼちゃ,油揚げ,揚げ
さつまいものレモン煮(30分),さつまいも,レモン汁,レモン
菜の花の辛子和え(15分),菜の花,練りからし,長さ
かぼちゃとこんにゃくの煮物(30分),こんにゃく,かぼちゃ,熱湯
ゆず入り湯豆腐(１時間),豆腐,春菊,好み
大根と厚揚げの煮物(６０分),厚揚げ,大根,彩り
小松菜ぎょうざ(45分),小松菜,にんにく,しょうが
水菜と油揚げの煮びたし(15分),油揚げ,水菜,食感
ふろふき大根(３０分以上),大根,味噌,いりごま
春菊の白和え(１５分),春菊,豆腐,白和え
なすのホイル焼き(15分),なす,生姜,ホイル
えびとニラの中華風卵炒め(30分),玉ねぎ,ニラ,えび
ししゃもの南蛮漬け(３０分),ししゃも,南蛮漬け,ピーマン
八宝菜(３０分),豚肉,白菜,玉ねぎ
ブロッコリーのわさマヨ和え(１５分),ブロッコリー,食感,わさび
鶏のすき煮(30分),鶏肉,鶏もも肉,しいたけ
里芋の梅おかか和え(35分),里芋,梅干し,かつお節
ブロッコリーの磯和え(15分),ブロッコリー,出汁醤油,焼き海苔
焼き鳥丼(20分),鶏肉,鶏もも肉,白ネギ
ほうれん草のお浸し(10分),かつお節,ほうれん草,10分
さんまの梅しそロール(45分),片栗粉,さんま,大葉
きゅうりとトマトの土佐酢和え(３０分),トマト,きゅうり,かつお節
さばの味噌煮(30分),さば,味噌,しょうが
エリンギのバター炒め(15分),エリンギ,バター,エリンギ
さつまいもとクリームチーズのサラダ(２0分),さつまいも,マヨネーズ,塩コショウ
薄揚げの納豆キムチ詰め(15分),キムチ,納豆,長ネギ
鮭の味噌ヨーグルト漬け(１５分(漬け込む時間は除く)),味噌,鮭,ヨーグルト
五目豆(４５分),ごぼう,れんこん,こんにゃく
新生姜と水菜の肉巻き(３０分),新生姜,水菜,肉
小松菜とツナの和え物(１５分),小松菜,ツナ,水気
手羽中と大根の煮物(４５分),大根,手羽中,弱火
手羽先の照り焼き(60分),表面,手羽先,にんにく
ほうれん草の梅和え(15分),ほうれん草,梅,梅干し
なめこおろし(１５分),なめこ,大葉,かつお節
簡単タンドリーチキン(１時間以上),1時間,塩コショウ,タンドリーチキン
あさりの酒蒸し(15分),あさり,にんにく,みじん切り
ピーマンの肉詰め(３０分),玉ねぎ,ピーマン,肉
ちくわの磯辺揚げ(15分),竹輪,青のり,衣
長いもの梅和え(10分),長いも,かつお節,梅干し
水菜とアボカドのサラダ(１５分),アボカド,水菜,豆腐
酢鶏(20分),鶏肉,鶏がらスープの素,一口
鯛の西京焼き(１５分(漬け込む時間は除く)),鯛,冷蔵庫,魚
きゅうりの塩昆布和え(10分),きゅうり,塩昆布,乱切り
なすの煮びたし(20分),なす,しょうが,作り方
ごぼうと人参の肉巻き(30分),ごぼう,肉,にんにく
大根・里芋・イカの煮物(40分),イカ,大根,里芋
回鍋肉(30分),豚肉,にんにく,片栗粉
ほうれん草と干しえびのゴマ和え(１５分),ほうれん草,干しエビ,干しえび
里芋のそぼろ煮(３０分),里芋,片栗粉,鶏ミンチ
三度豆と人参のおかか和え(１０分),三度豆,湯,出汁醤油
中華丼(30分),チンゲン菜,しめじ,豚肉
きゅうりとたこの酢の物(20分),きゅうり,たこ,わかめ
新玉ねぎのコンソメ煮込み(45分),片栗粉,鶏ミンチ,新玉ねぎ
れんこんのきんぴら(１５分),れんこん,いりごま,中火
野菜たっぷり牛丼(20分),玉ねぎ,ニラ,しめじ
ホタテとチンゲン菜のクリーム煮(２０分),片栗粉,にんにく,チンゲン菜
ほうれん草とごぼうの白和え(60分),ごぼう,豆腐,ほうれん草
さんまの蒲焼き(３０分),さんま,ごま,大葉
ひじきの炒め煮(６０分),ひじき,油揚げ,大豆
オクラの納豆和え(１０分),かつお節,オクラ,納豆
じゃこのサラダ(１０分),縮緬雑魚,貝割れ大根,水菜
里芋のホットサラダ(45分),里芋,ほうれん草,ベーコン
かぼちゃのサラダ(１５分),かぼちゃ,ヨーグルト,きゅうり
豆腐のきのこあんかけ(１０分),豆腐,しめじ,えのき
春巻き(60分),しょうが,春雨,ニラ
れんこんのはさみ焼き(３０分),れんこん,しょうが,鶏ミンチ
高野豆腐の含め煮(30分),高野豆腐,竹串,水気
豚ミンチと白菜の炒め物(15分),春雨,白菜,にんにく
いわしのさっぱり煮(４５分),いわし,しょうが,長ネギ
れんこんのカレー炒め(１５分),れんこん,OLIVE OIL,カレー粉
ささみの中華風サラダ(25分),ささみ,もやし,きゅうり
茄子と豚肉のピリ辛味噌炒め(30分),豚肉,茄子,豆板醤
ささみのから揚げ(30分),ささみ,にんにく,しょうが
